/*
SQLyog Ultimate v10.00 Beta1
MySQL - 8.0.21 : Database - osdb
*********************************************************************
*/

/*!40101 SET NAMES utf8 */;

/*!40101 SET SQL_MODE=''*/;

/*!40014 SET @OLD_UNIQUE_CHECKS=@@UNIQUE_CHECKS, UNIQUE_CHECKS=0 */;
/*!40014 SET @OLD_FOREIGN_KEY_CHECKS=@@FOREIGN_KEY_CHECKS, FOREIGN_KEY_CHECKS=0 */;
/*!40101 SET @OLD_SQL_MODE=@@SQL_MODE, SQL_MODE='NO_AUTO_VALUE_ON_ZERO' */;
/*!40111 SET @OLD_SQL_NOTES=@@SQL_NOTES, SQL_NOTES=0 */;
CREATE DATABASE /*!32312 IF NOT EXISTS*/`osdb` /*!40100 DEFAULT CHARACTER SET utf8 */ /*!80016 DEFAULT ENCRYPTION='N' */;

USE `osdb`;

/*Table structure for table `category` */

DROP TABLE IF EXISTS `category`;

CREATE TABLE `category` (
  `id` int unsigned NOT NULL AUTO_INCREMENT COMMENT '菜品分类id',
  `shop_id` int DEFAULT NULL COMMENT '店铺id',
  `name` varchar(50) DEFAULT NULL COMMENT '分类名称',
  `status` tinyint NOT NULL DEFAULT '1' COMMENT '状态：1正常 9删除',
  `create_at` datetime DEFAULT NULL COMMENT '添加时间',
  `update_at` datetime DEFAULT NULL COMMENT '修改时间',
  PRIMARY KEY (`id`)
) ENGINE=InnoDB AUTO_INCREMENT=12 DEFAULT CHARSET=utf8;

/*Data for the table `category` */

insert  into `category`(`id`,`shop_id`,`name`,`status`,`create_at`,`update_at`) values (1,1,'双拼套餐',1,'2020-07-25 10:20:30','2020-07-25 10:20:30'),(2,1,'盖饭',1,'2020-07-25 10:20:30','2020-07-25 10:20:30'),(3,1,'小菜',1,'2020-07-25 10:20:30','2020-07-25 10:20:30'),(4,1,'汤/饮料',1,'2020-07-25 10:20:30','2020-07-25 10:20:30'),(5,2,'双拼套餐',1,'2020-07-25 10:20:30','2020-07-25 10:20:30'),(6,2,'盖饭',1,'2020-07-25 10:20:30','2020-07-25 10:20:30'),(7,2,'小菜',1,'2020-07-25 10:20:30','2020-07-25 10:20:30'),(8,2,'汤/饮料',1,'2020-07-25 10:20:30','2020-07-25 10:20:30'),(9,3,'盖饭',1,'2020-07-25 10:20:30','2020-07-25 10:20:30'),(10,3,'双拼套餐',1,'2020-07-25 10:20:30','2020-07-25 10:20:30'),(11,4,'小炒',1,'2020-07-25 10:20:30','2020-07-25 10:20:30');

/*Table structure for table `django_migrations` */

DROP TABLE IF EXISTS `django_migrations`;

CREATE TABLE `django_migrations` (
  `id` int NOT NULL AUTO_INCREMENT,
  `app` varchar(255) NOT NULL,
  `name` varchar(255) NOT NULL,
  `applied` datetime(6) NOT NULL,
  PRIMARY KEY (`id`)
) ENGINE=InnoDB DEFAULT CHARSET=utf8;

/*Data for the table `django_migrations` */

/*Table structure for table `django_session` */

DROP TABLE IF EXISTS `django_session`;

CREATE TABLE `django_session` (
  `session_key` varchar(40) NOT NULL,
  `session_data` longtext NOT NULL,
  `expire_date` datetime(6) NOT NULL,
  PRIMARY KEY (`session_key`),
  KEY `django_session_expire_date_a5c62663` (`expire_date`)
) ENGINE=InnoDB DEFAULT CHARSET=utf8;

/*Data for the table `django_session` */

insert  into `django_session`(`session_key`,`session_data`,`expire_date`) values ('g76qqjajh0l8o1zb58g29cu37gxxn8ee','MjQ2NzIwZjMwMGM2OTlhNzQyYTE0ZGQzYTkzOWRjNGQwM2MwMjZkZjp7ImFkbWludXNlciI6eyJuaWNrbmFtZSI6IkpKSiIsInBhc3N3b3JkX3NhbHQiOiI1NTM0MTQiLCJ1cGRhdGVfYXQiOiIyMDIxLTA4LTIxIDEwOjUwOjM0IiwicGFzc3dvcmRfaGFzaCI6IjNkOGExZmNkY2JiZTFjZTE1OWM1OTBjZDcxNzlkMTNhIiwidXNlcm5hbWUiOiJKaW0wMTIiLCJpZCI6MTUsInN0YXR1cyI6NiwiY3JlYXRlX2F0IjoiMjAyMS0wOC0yMSAxMDo0ODo0NSJ9LCJzaG9waW5mbyI6eyJiYW5uZXJfcGljIjoibGcuanBnIiwidXBkYXRlX2F0IjoiMjAyMC0wNy0yNCAxMjozNDo1NiIsInN0YXR1cyI6MSwiY3JlYXRlX2F0IjoiMjAyMC0wNy0yMCAxMDoxMjozNCIsImlkIjoxLCJwaG9uZSI6IjEyMzQ1Njc4OTA1Iiwic2hvcCI6Ilx1NjcxZFx1OTYzM1x1NWMwNlx1NTNmMFx1OGRlZlx1NWU5NyIsIm5hbWUiOiJcdTc1MzBcdTgwMDFcdTVlMDhcdTdlYTJcdTcwZTdcdTgwODkiLCJhZGRyZXNzIjoiXHU1MzE3XHU0ZWFjXHU1ZTAyXHU2NzFkXHU5NjMzXHU1MzNhXHU1YzA2XHU1M2YwXHU0ZTYxXHU0ZTFjXHU1MTZiXHU5NWY0XHU2MjNmXHU2NzUxXHU4OTdmXHU0ZTM0OFx1NTNmNyIsImNvdmVyX3BpYyI6IjEyMzQxMjM0LmpwZyJ9LCJwcm9kdWN0bGlzdCI6eyIxMiI6eyJwcmljZSI6MTUuMCwidXBkYXRlX2F0IjoiMjAyMC0wNy0yNSAxMDoyMDozMCIsImNyZWF0ZV9hdCI6IjIwMjAtMDctMTEgMDk6NDc6MzMiLCJpZCI6MTIsInN0YXR1cyI6MSwic2hvcF9pZCI6MSwiY292ZXJfcGljIjoiMTUzNjY1OTI1My44ODQyNzE2LmpwZyIsIm5hbWUiOiJcdTUzNTVcdTRlZmRcdTk5OTlcdThmYTNcdTdiMGJcdTVlNzJcdTcwZTdcdTgwODkiLCJjYXRlZ29yeV9pZCI6M30sIjExIjp7InByaWNlIjo0LjAsInVwZGF0ZV9hdCI6IjIwMjAtMDctMjUgMTA6MjA6MzAiLCJjcmVhdGVfYXQiOiIyMDIwLTA3LTExIDA5OjQ2OjM3IiwiaWQiOjExLCJzdGF0dXMiOjEsInNob3BfaWQiOjEsImNvdmVyX3BpYyI6IjE1MzY2NTkxOTcuNzIzMTIyMS5qcGciLCJuYW1lIjoiXHU5NzUyXHU4M2RjIiwiY2F0ZWdvcnlfaWQiOjN9LCIzIjp7InByaWNlIjoyMi4wLCJ1cGRhdGVfYXQiOiIyMDIwLTA3LTI1IDEwOjIwOjMwIiwiY3JlYXRlX2F0IjoiMjAyMC0wNy0xMSAwOTozMzozNSIsImlkIjozLCJzdGF0dXMiOjEsInNob3BfaWQiOjEsImNvdmVyX3BpYyI6IjE1MzY2NTg0MTUuNjgzODAwMi5qcGciLCJuYW1lIjoiXHU2ODg1XHU4M2RjXHU2MjYzXHU4MDg5K1x1NzU2YVx1ODMwNFx1OWUyMVx1ODZjYiIsImNhdGVnb3J5X2lkIjoxfSwiMTYiOnsicHJpY2UiOjMuMCwidXBkYXRlX2F0IjoiMjAyMC0wNy0yNSAxMDoyMDozMCIsImNyZWF0ZV9hdCI6IjIwMjAtMDctMTEgMDk6NTM6MjUiLCJpZCI6MTYsInN0YXR1cyI6MSwic2hvcF9pZCI6MSwiY292ZXJfcGljIjoiMTUzNjY1OTYwNS41NTYxNzcxLmpwZyIsIm5hbWUiOiJcdTc3ZmZcdTZjYzlcdTZjMzQiLCJjYXRlZ29yeV9pZCI6NH0sIjUiOnsicHJpY2UiOjE5LjAsInVwZGF0ZV9hdCI6IjIwMjAtMDctMjUgMTA6MjA6MzAiLCJjcmVhdGVfYXQiOiIyMDIwLTA3LTExIDA5OjM3OjM5IiwiaWQiOjUsInN0YXR1cyI6MSwic2hvcF9pZCI6MSwiY292ZXJfcGljIjoiMTUzNjY1ODY1OS4wNDQ2OTkzLmpwZyIsIm5hbWUiOiJcdTY4ODVcdTgzZGNcdTYyNjNcdTgwODlcdTk5NmQiLCJjYXRlZ29yeV9pZCI6Mn0sIjEwIjp7InByaWNlIjo0LjAsInVwZGF0ZV9hdCI6IjIwMjAtMDctMjUgMTA6MjA6MzAiLCJjcmVhdGVfYXQiOiIyMDIwLTA3LTExIDA5OjQ1OjE0IiwiaWQiOjEwLCJzdGF0dXMiOjEsInNob3BfaWQiOjEsImNvdmVyX3BpYyI6IjE1MzY2NTkwNjUuNzk3MjYzNy5qcGciLCJuYW1lIjoiXHU3NTZhXHU4MzA0XHU5ZTIxXHU4NmNiIiwiY2F0ZWdvcnlfaWQiOjN9LCI2Ijp7InByaWNlIjoxNi4wLCJ1cGRhdGVfYXQiOiIyMDIwLTA3LTI1IDEwOjIwOjMwIiwiY3JlYXRlX2F0IjoiMjAyMC0wNy0xMSAwOTo0MDoyNCIsImlkIjo2LCJzdGF0dXMiOjEsInNob3BfaWQiOjEsImNvdmVyX3BpYyI6IjE1MzY2NTg4MjQuMzk3NjUwNS5qcGciLCJuYW1lIjoiXHU2NzI4XHU5ODdiXHU4MDg5XHU5OTZkIiwiY2F0ZWdvcnlfaWQiOjJ9LCI5Ijp7InByaWNlIjoxMi4wLCJ1cGRhdGVfYXQiOiIyMDIwLTA3LTI1IDEwOjIwOjMwIiwiY3JlYXRlX2F0IjoiMjAyMC0wNy0xMSAwOTo0NDoyNSIsImlkIjo5LCJzdGF0dXMiOjEsInNob3BfaWQiOjEsImNvdmVyX3BpYyI6IjE1MzY2NTkxMTQuMDQ0MDIzNS5qcGciLCJuYW1lIjoiXHU2NzI4XHU5ODdiXHU4MDg5IiwiY2F0ZWdvcnlfaWQiOjN9LCIxMyI6eyJwcmljZSI6NC4wLCJ1cGRhdGVfYXQiOiIyMDIwLTA3LTI1IDEwOjIwOjMwIiwiY3JlYXRlX2F0IjoiMjAyMC0wNy0xMSAwOTo0ODozMSIsImlkIjoxMywic3RhdHVzIjoxLCJzaG9wX2lkIjoxLCJjb3Zlcl9waWMiOiIxNTM2NjU5MzExLjg2OTk0OTMuanBnIiwibmFtZSI6Ilx1NzU2YVx1ODMwNFx1ODZjYlx1ODJiMVx1NmM2NCIsImNhdGVnb3J5X2lkIjo0fSwiOCI6eyJwcmljZSI6MTguMCwidXBkYXRlX2F0IjoiMjAyMC0wNy0yNSAxMDoyMDozMCIsImNyZWF0ZV9hdCI6IjIwMjAtMDctMTEgMDk6NDI6NDAiLCJpZCI6OCwic3RhdHVzIjoxLCJzaG9wX2lkIjoxLCJjb3Zlcl9waWMiOiIxNTM2NjU4OTYwLjM5NTQxMzQuanBnIiwibmFtZSI6Ilx1NjVlMFx1OWFhOFx1NTQ5Nlx1NTViMVx1OWUyMVx1OTk2ZCIsImNhdGVnb3J5X2lkIjoyfSwiNyI6eyJwcmljZSI6MTkuMCwidXBkYXRlX2F0IjoiMjAyMC0wNy0yNSAxMDoyMDozMCIsImNyZWF0ZV9hdCI6IjIwMjAtMDctMTEgMDk6NDE6MDMiLCJpZCI6Nywic3RhdHVzIjoxLCJzaG9wX2lkIjoxLCJjb3Zlcl9waWMiOiIxNTM2NjU4ODYzLjY3MzI4NTUuanBnIiwibmFtZSI6Ilx1ODBhNVx1NzI1Ylx1OTk2ZCIsImNhdGVnb3J5X2lkIjoyfSwiMTQiOnsicHJpY2UiOjYuMCwidXBkYXRlX2F0IjoiMjAyMC0wNy0yNSAxMDoyMDozMCIsImNyZWF0ZV9hdCI6IjIwMjAtMDctMTEgMDk6NDk6MjQiLCJpZCI6MTQsInN0YXR1cyI6MSwic2hvcF9pZCI6MSwiY292ZXJfcGljIjoiMTUzNjY1OTM2NC43ODkyNTEzLmpwZyIsIm5hbWUiOiJcdTczOGJcdTgwMDFcdTU0MDkiLCJjYXRlZ29yeV9pZCI6NH0sIjE1Ijp7InByaWNlIjo1LjAsInVwZGF0ZV9hdCI6IjIwMjAtMDctMjUgMTA6MjA6MzAiLCJjcmVhdGVfYXQiOiIyMDIwLTA3LTExIDA5OjUyOjQzIiwiaWQiOjE1LCJzdGF0dXMiOjEsInNob3BfaWQiOjEsImNvdmVyX3BpYyI6IjE1MzY2NTk1NjMuMzg5NzY0OC5qcGciLCJuYW1lIjoiXHU2NzljXHU3YzkyXHU2YTU5IiwiY2F0ZWdvcnlfaWQiOjR9LCIxIjp7InByaWNlIjoyNS4wLCJ1cGRhdGVfYXQiOiIyMDIwLTA3LTI1IDEwOjIwOjMwIiwiY3JlYXRlX2F0IjoiMjAyMC0wNy0xMSAwOToyMDoyMCIsImlkIjoxLCJzdGF0dXMiOjEsInNob3BfaWQiOjEsImNvdmVyX3BpYyI6IjE1MzY2NTc2MjAuNTQ4NTcwNC5qcGciLCJuYW1lIjoiXHU3ZWEyXHU3MGU3XHU4MDg5K1x1NzJlZVx1NWI1MFx1NTkzNCtcdTk5NmVcdTY1OTkiLCJjYXRlZ29yeV9pZCI6MX0sIjIiOnsicHJpY2UiOjIyLjAsInVwZGF0ZV9hdCI6IjIwMjAtMDctMjUgMTA6MjA6MzAiLCJjcmVhdGVfYXQiOiIyMDIwLTA3LTExIDA5OjMyOjMyIiwiaWQiOjIsInN0YXR1cyI6MSwic2hvcF9pZCI6MSwiY292ZXJfcGljIjoiMTUzNjY1ODM1Mi45MzQxNTU3LmpwZyIsIm5hbWUiOiJcdTdlYTJcdTcwZTdcdTgwODkrXHU3NTZhXHU4MzA0XHU5ZTIxXHU4NmNiIiwiY2F0ZWdvcnlfaWQiOjF9LCIxNyI6eyJwcmljZSI6NC4wLCJ1cGRhdGVfYXQiOiIyMDIwLTA3LTI1IDEwOjIwOjMwIiwiY3JlYXRlX2F0IjoiMjAyMC0wNy0xMSAwOTo1NDo0OCIsImlkIjoxNywic3RhdHVzIjoxLCJzaG9wX2lkIjoxLCJjb3Zlcl9waWMiOiIxNTM2NjU5Njg4LjQ4NTYxNTcuanBnIiwibmFtZSI6Ilx1NGU0Y1x1Njg4NVx1NmM0MSIsImNhdGVnb3J5X2lkIjo0fSwiNCI6eyJwcmljZSI6MjIuMCwidXBkYXRlX2F0IjoiMjAyMC0wNy0yNSAxMDoyMDozMCIsImNyZWF0ZV9hdCI6IjIwMjAtMDctMTEgMDk6MzY6MTQiLCJpZCI6NCwic3RhdHVzIjoxLCJzaG9wX2lkIjoxLCJjb3Zlcl9waWMiOiIxNTM2NjU4NTc0LjI4NDczNzMuanBnIiwibmFtZSI6Ilx1ODBhNVx1NzI1YitcdTc1NmFcdTgzMDRcdTllMjFcdTg2Y2IiLCJjYXRlZ29yeV9pZCI6MX19LCJjYXJ0bGlzdCI6eyIxIjp7InByaWNlIjoyNS4wLCJudW0iOjEsImNhdGVnb3J5X2lkIjoxLCJzdGF0dXMiOjEsInVwZGF0ZV9hdCI6IjIwMjAtMDctMjUgMTA6MjA6MzAiLCJzaG9wX2lkIjoxLCJpZCI6MSwibmFtZSI6Ilx1N2VhMlx1NzBlN1x1ODA4OStcdTcyZWVcdTViNTBcdTU5MzQrXHU5OTZlXHU2NTk5IiwiY292ZXJfcGljIjoiMTUzNjY1NzYyMC41NDg1NzA0LmpwZyIsImNyZWF0ZV9hdCI6IjIwMjAtMDctMTEgMDk6MjA6MjAifX0sImNhdGVnb3J5bGlzdCI6eyIxIjp7InBpZHMiOlt7InByaWNlIjoyNS4wLCJ1cGRhdGVfYXQiOiIyMDIwLTA3LTI1IDEwOjIwOjMwIiwiY3JlYXRlX2F0IjoiMjAyMC0wNy0xMSAwOToyMDoyMCIsImlkIjoxLCJzdGF0dXMiOjEsInNob3BfaWQiOjEsImNvdmVyX3BpYyI6IjE1MzY2NTc2MjAuNTQ4NTcwNC5qcGciLCJuYW1lIjoiXHU3ZWEyXHU3MGU3XHU4MDg5K1x1NzJlZVx1NWI1MFx1NTkzNCtcdTk5NmVcdTY1OTkiLCJjYXRlZ29yeV9pZCI6MX0seyJwcmljZSI6MjIuMCwidXBkYXRlX2F0IjoiMjAyMC0wNy0yNSAxMDoyMDozMCIsImNyZWF0ZV9hdCI6IjIwMjAtMDctMTEgMDk6MzI6MzIiLCJpZCI6Miwic3RhdHVzIjoxLCJzaG9wX2lkIjoxLCJjb3Zlcl9waWMiOiIxNTM2NjU4MzUyLjkzNDE1NTcuanBnIiwibmFtZSI6Ilx1N2VhMlx1NzBlN1x1ODA4OStcdTc1NmFcdTgzMDRcdTllMjFcdTg2Y2IiLCJjYXRlZ29yeV9pZCI6MX0seyJwcmljZSI6MjIuMCwidXBkYXRlX2F0IjoiMjAyMC0wNy0yNSAxMDoyMDozMCIsImNyZWF0ZV9hdCI6IjIwMjAtMDctMTEgMDk6MzM6MzUiLCJpZCI6Mywic3RhdHVzIjoxLCJzaG9wX2lkIjoxLCJjb3Zlcl9waWMiOiIxNTM2NjU4NDE1LjY4MzgwMDIuanBnIiwibmFtZSI6Ilx1Njg4NVx1ODNkY1x1NjI2M1x1ODA4OStcdTc1NmFcdTgzMDRcdTllMjFcdTg2Y2IiLCJjYXRlZ29yeV9pZCI6MX0seyJwcmljZSI6MjIuMCwidXBkYXRlX2F0IjoiMjAyMC0wNy0yNSAxMDoyMDozMCIsImNyZWF0ZV9hdCI6IjIwMjAtMDctMTEgMDk6MzY6MTQiLCJpZCI6NCwic3RhdHVzIjoxLCJzaG9wX2lkIjoxLCJjb3Zlcl9waWMiOiIxNTM2NjU4NTc0LjI4NDczNzMuanBnIiwibmFtZSI6Ilx1ODBhNVx1NzI1YitcdTc1NmFcdTgzMDRcdTllMjFcdTg2Y2IiLCJjYXRlZ29yeV9pZCI6MX1dLCJuYW1lIjoiXHU1M2NjXHU2MmZjXHU1OTU3XHU5OTEwIiwiaWQiOjF9LCIyIjp7InBpZHMiOlt7InByaWNlIjoxOS4wLCJ1cGRhdGVfYXQiOiIyMDIwLTA3LTI1IDEwOjIwOjMwIiwiY3JlYXRlX2F0IjoiMjAyMC0wNy0xMSAwOTozNzozOSIsImlkIjo1LCJzdGF0dXMiOjEsInNob3BfaWQiOjEsImNvdmVyX3BpYyI6IjE1MzY2NTg2NTkuMDQ0Njk5My5qcGciLCJuYW1lIjoiXHU2ODg1XHU4M2RjXHU2MjYzXHU4MDg5XHU5OTZkIiwiY2F0ZWdvcnlfaWQiOjJ9LHsicHJpY2UiOjE2LjAsInVwZGF0ZV9hdCI6IjIwMjAtMDctMjUgMTA6MjA6MzAiLCJjcmVhdGVfYXQiOiIyMDIwLTA3LTExIDA5OjQwOjI0IiwiaWQiOjYsInN0YXR1cyI6MSwic2hvcF9pZCI6MSwiY292ZXJfcGljIjoiMTUzNjY1ODgyNC4zOTc2NTA1LmpwZyIsIm5hbWUiOiJcdTY3MjhcdTk4N2JcdTgwODlcdTk5NmQiLCJjYXRlZ29yeV9pZCI6Mn0seyJwcmljZSI6MTkuMCwidXBkYXRlX2F0IjoiMjAyMC0wNy0yNSAxMDoyMDozMCIsImNyZWF0ZV9hdCI6IjIwMjAtMDctMTEgMDk6NDE6MDMiLCJpZCI6Nywic3RhdHVzIjoxLCJzaG9wX2lkIjoxLCJjb3Zlcl9waWMiOiIxNTM2NjU4ODYzLjY3MzI4NTUuanBnIiwibmFtZSI6Ilx1ODBhNVx1NzI1Ylx1OTk2ZCIsImNhdGVnb3J5X2lkIjoyfSx7InByaWNlIjoxOC4wLCJ1cGRhdGVfYXQiOiIyMDIwLTA3LTI1IDEwOjIwOjMwIiwiY3JlYXRlX2F0IjoiMjAyMC0wNy0xMSAwOTo0Mjo0MCIsImlkIjo4LCJzdGF0dXMiOjEsInNob3BfaWQiOjEsImNvdmVyX3BpYyI6IjE1MzY2NTg5NjAuMzk1NDEzNC5qcGciLCJuYW1lIjoiXHU2NWUwXHU5YWE4XHU1NDk2XHU1NWIxXHU5ZTIxXHU5OTZkIiwiY2F0ZWdvcnlfaWQiOjJ9XSwibmFtZSI6Ilx1NzZkNlx1OTk2ZCIsImlkIjoyfSwiMyI6eyJwaWRzIjpbeyJwcmljZSI6MTIuMCwidXBkYXRlX2F0IjoiMjAyMC0wNy0yNSAxMDoyMDozMCIsImNyZWF0ZV9hdCI6IjIwMjAtMDctMTEgMDk6NDQ6MjUiLCJpZCI6OSwic3RhdHVzIjoxLCJzaG9wX2lkIjoxLCJjb3Zlcl9waWMiOiIxNTM2NjU5MTE0LjA0NDAyMzUuanBnIiwibmFtZSI6Ilx1NjcyOFx1OTg3Ylx1ODA4OSIsImNhdGVnb3J5X2lkIjozfSx7InByaWNlIjo0LjAsInVwZGF0ZV9hdCI6IjIwMjAtMDctMjUgMTA6MjA6MzAiLCJjcmVhdGVfYXQiOiIyMDIwLTA3LTExIDA5OjQ1OjE0IiwiaWQiOjEwLCJzdGF0dXMiOjEsInNob3BfaWQiOjEsImNvdmVyX3BpYyI6IjE1MzY2NTkwNjUuNzk3MjYzNy5qcGciLCJuYW1lIjoiXHU3NTZhXHU4MzA0XHU5ZTIxXHU4NmNiIiwiY2F0ZWdvcnlfaWQiOjN9LHsicHJpY2UiOjQuMCwidXBkYXRlX2F0IjoiMjAyMC0wNy0yNSAxMDoyMDozMCIsImNyZWF0ZV9hdCI6IjIwMjAtMDctMTEgMDk6NDY6MzciLCJpZCI6MTEsInN0YXR1cyI6MSwic2hvcF9pZCI6MSwiY292ZXJfcGljIjoiMTUzNjY1OTE5Ny43MjMxMjIxLmpwZyIsIm5hbWUiOiJcdTk3NTJcdTgzZGMiLCJjYXRlZ29yeV9pZCI6M30seyJwcmljZSI6MTUuMCwidXBkYXRlX2F0IjoiMjAyMC0wNy0yNSAxMDoyMDozMCIsImNyZWF0ZV9hdCI6IjIwMjAtMDctMTEgMDk6NDc6MzMiLCJpZCI6MTIsInN0YXR1cyI6MSwic2hvcF9pZCI6MSwiY292ZXJfcGljIjoiMTUzNjY1OTI1My44ODQyNzE2LmpwZyIsIm5hbWUiOiJcdTUzNTVcdTRlZmRcdTk5OTlcdThmYTNcdTdiMGJcdTVlNzJcdTcwZTdcdTgwODkiLCJjYXRlZ29yeV9pZCI6M31dLCJuYW1lIjoiXHU1YzBmXHU4M2RjIiwiaWQiOjN9LCI0Ijp7InBpZHMiOlt7InByaWNlIjo0LjAsInVwZGF0ZV9hdCI6IjIwMjAtMDctMjUgMTA6MjA6MzAiLCJjcmVhdGVfYXQiOiIyMDIwLTA3LTExIDA5OjQ4OjMxIiwiaWQiOjEzLCJzdGF0dXMiOjEsInNob3BfaWQiOjEsImNvdmVyX3BpYyI6IjE1MzY2NTkzMTEuODY5OTQ5My5qcGciLCJuYW1lIjoiXHU3NTZhXHU4MzA0XHU4NmNiXHU4MmIxXHU2YzY0IiwiY2F0ZWdvcnlfaWQiOjR9LHsicHJpY2UiOjYuMCwidXBkYXRlX2F0IjoiMjAyMC0wNy0yNSAxMDoyMDozMCIsImNyZWF0ZV9hdCI6IjIwMjAtMDctMTEgMDk6NDk6MjQiLCJpZCI6MTQsInN0YXR1cyI6MSwic2hvcF9pZCI6MSwiY292ZXJfcGljIjoiMTUzNjY1OTM2NC43ODkyNTEzLmpwZyIsIm5hbWUiOiJcdTczOGJcdTgwMDFcdTU0MDkiLCJjYXRlZ29yeV9pZCI6NH0seyJwcmljZSI6NS4wLCJ1cGRhdGVfYXQiOiIyMDIwLTA3LTI1IDEwOjIwOjMwIiwiY3JlYXRlX2F0IjoiMjAyMC0wNy0xMSAwOTo1Mjo0MyIsImlkIjoxNSwic3RhdHVzIjoxLCJzaG9wX2lkIjoxLCJjb3Zlcl9waWMiOiIxNTM2NjU5NTYzLjM4OTc2NDguanBnIiwibmFtZSI6Ilx1Njc5Y1x1N2M5Mlx1NmE1OSIsImNhdGVnb3J5X2lkIjo0fSx7InByaWNlIjozLjAsInVwZGF0ZV9hdCI6IjIwMjAtMDctMjUgMTA6MjA6MzAiLCJjcmVhdGVfYXQiOiIyMDIwLTA3LTExIDA5OjUzOjI1IiwiaWQiOjE2LCJzdGF0dXMiOjEsInNob3BfaWQiOjEsImNvdmVyX3BpYyI6IjE1MzY2NTk2MDUuNTU2MTc3MS5qcGciLCJuYW1lIjoiXHU3N2ZmXHU2Y2M5XHU2YzM0IiwiY2F0ZWdvcnlfaWQiOjR9LHsicHJpY2UiOjQuMCwidXBkYXRlX2F0IjoiMjAyMC0wNy0yNSAxMDoyMDozMCIsImNyZWF0ZV9hdCI6IjIwMjAtMDctMTEgMDk6NTQ6NDgiLCJpZCI6MTcsInN0YXR1cyI6MSwic2hvcF9pZCI6MSwiY292ZXJfcGljIjoiMTUzNjY1OTY4OC40ODU2MTU3LmpwZyIsIm5hbWUiOiJcdTRlNGNcdTY4ODVcdTZjNDEiLCJjYXRlZ29yeV9pZCI6NH1dLCJuYW1lIjoiXHU2YzY0L1x1OTk2ZVx1NjU5OSIsImlkIjo0fX0sInZlcmlmeWNvZGUiOiIzNDg3IiwidG90YWxfbW9uZXkiOjI1LjB9','2021-09-08 13:21:22.573110');

/*Table structure for table `member` */

DROP TABLE IF EXISTS `member`;

CREATE TABLE `member` (
  `id` int unsigned NOT NULL AUTO_INCREMENT COMMENT '会员表id',
  `nickname` varchar(50) DEFAULT NULL COMMENT '昵称',
  `avatar` varchar(255) DEFAULT NULL COMMENT '头像',
  `mobile` varchar(50) DEFAULT NULL COMMENT '电话',
  `status` tinyint unsigned NOT NULL DEFAULT '1' COMMENT '状态:1正常/2禁用/9删除',
  `create_at` datetime DEFAULT NULL COMMENT '添加时间',
  `update_at` datetime DEFAULT NULL COMMENT '修改时间',
  PRIMARY KEY (`id`)
) ENGINE=InnoDB AUTO_INCREMENT=19 DEFAULT CHARSET=utf8;

/*Data for the table `member` */

insert  into `member`(`id`,`nickname`,`avatar`,`mobile`,`status`,`create_at`,`update_at`) values (1,'lixiaofeng','moren.png','11234567899',9,'2020-07-25 10:20:30','2020-07-25 10:20:30'),(2,'jack','moren.png','12345678965',1,'2020-07-25 10:20:30','2020-07-25 10:20:30'),(3,'wo879','moren.png','13456789522',1,'2020-07-25 10:20:30','2020-07-25 10:20:30'),(4,'mt100','moren.png','13567895563',1,'2020-07-25 10:20:30','2020-07-25 10:20:30'),(5,'顾客','moren.png','12345678901',1,'2020-07-25 10:20:30','2020-07-25 10:20:30'),(6,'顾客','moren.png','12345678902',1,'2020-07-25 10:20:30','2020-07-25 10:20:30'),(7,'顾客','moren.png','12345678903',1,'2020-07-25 10:20:30','2020-07-25 10:20:30'),(8,'顾客','moren.png','12345678904',1,'2020-07-25 10:20:30','2020-07-25 10:20:30'),(9,'顾客','moren.png','12345678905',1,'2020-07-25 10:20:30','2020-07-25 10:20:30'),(10,'顾客','moren.png','12345678906',1,'2020-07-25 10:20:30','2020-07-25 10:20:30'),(11,'顾客','moren.png','12345678909',1,'2020-07-25 10:20:30','2020-07-25 10:20:30'),(12,'顾客','moren.png','18642805564',1,'2020-07-25 10:20:30','2020-07-25 10:20:30'),(13,'顾客','moren.png','13116051729',1,'2020-07-25 10:20:30','2020-07-25 10:20:30'),(14,'顾客','moren.png','13161485799',1,'2020-07-25 10:20:30','2020-07-25 10:20:30'),(15,'顾客','moren.png','11234567888',1,'2020-07-25 10:20:30','2020-07-25 10:20:30'),(16,'顾客','moren.png','19919940344',1,'2020-07-25 10:20:30','2020-07-25 10:20:30'),(17,'游客',NULL,'123456',1,'2021-08-23 19:11:30','2021-08-23 19:11:30'),(18,'游客','moren.png','123',1,'2021-08-23 20:04:24','2021-08-23 20:04:24');

/*Table structure for table `migrations` */

DROP TABLE IF EXISTS `migrations`;

CREATE TABLE `migrations` (
  `id` int unsigned NOT NULL AUTO_INCREMENT,
  `migration` varchar(255) CHARACTER SET utf8mb4 COLLATE utf8mb4_unicode_ci NOT NULL,
  `batch` int NOT NULL,
  PRIMARY KEY (`id`)
) ENGINE=MyISAM DEFAULT CHARSET=utf8mb4 COLLATE=utf8mb4_unicode_ci;

/*Data for the table `migrations` */

/*Table structure for table `order_detail` */

DROP TABLE IF EXISTS `order_detail`;

CREATE TABLE `order_detail` (
  `id` int unsigned NOT NULL AUTO_INCREMENT COMMENT '订单详情id',
  `order_id` int unsigned DEFAULT NULL COMMENT '订单id',
  `product_id` int unsigned DEFAULT NULL COMMENT '菜品id',
  `product_name` varchar(50) DEFAULT NULL COMMENT '菜品名称',
  `price` double(6,2) unsigned DEFAULT NULL COMMENT '单价',
  `quantity` int unsigned NOT NULL DEFAULT '1' COMMENT '数量',
  `status` tinyint unsigned NOT NULL DEFAULT '1' COMMENT '状态:1正常/9删除',
  PRIMARY KEY (`id`)
) ENGINE=InnoDB AUTO_INCREMENT=60 DEFAULT CHARSET=utf8 CHECKSUM=1 DELAY_KEY_WRITE=1 ROW_FORMAT=DYNAMIC COMMENT='订单详情信息表';

/*Data for the table `order_detail` */

insert  into `order_detail`(`id`,`order_id`,`product_id`,`product_name`,`price`,`quantity`,`status`) values (47,22,5,'梅菜扣肉饭',19.00,2,1),(48,22,6,'木须肉饭',16.00,1,1),(49,22,9,'木须肉',12.00,1,1),(50,22,7,'肥牛饭',19.00,1,1),(51,23,2,'红烧肉+番茄鸡蛋',22.00,1,1),(52,23,6,'木须肉饭',16.00,1,1),(53,23,9,'木须肉',12.00,1,1),(54,24,8,'无骨咖喱鸡饭',18.00,1,1),(55,24,12,'单份香辣笋干烧肉',15.00,1,1),(56,25,1,'红烧肉+狮子头+饮料',25.00,3,1),(57,26,1,'红烧肉+狮子头+饮料',25.00,1,1),(58,26,10,'番茄鸡蛋',4.00,1,1),(59,26,2,'红烧肉+番茄鸡蛋',22.00,1,1);

/*Table structure for table `orders` */

DROP TABLE IF EXISTS `orders`;

CREATE TABLE `orders` (
  `id` int unsigned NOT NULL AUTO_INCREMENT COMMENT '订单表id',
  `shop_id` int unsigned DEFAULT NULL COMMENT '店铺id号',
  `member_id` int unsigned DEFAULT NULL COMMENT '会员id',
  `user_id` int unsigned DEFAULT NULL COMMENT '操作员id',
  `money` double(8,2) DEFAULT NULL COMMENT '金额',
  `status` tinyint unsigned DEFAULT NULL COMMENT '订单状态:1过行中/2无效/3已完成',
  `payment_status` tinyint unsigned DEFAULT NULL COMMENT '支付状态:1未支付/2已支付/3已退款',
  `create_at` datetime DEFAULT NULL COMMENT '添加时间',
  `update_at` datetime DEFAULT NULL COMMENT '修改时间',
  PRIMARY KEY (`id`)
) ENGINE=InnoDB AUTO_INCREMENT=27 DEFAULT CHARSET=utf8;

/*Data for the table `orders` */

insert  into `orders`(`id`,`shop_id`,`member_id`,`user_id`,`money`,`status`,`payment_status`,`create_at`,`update_at`) values (22,1,0,15,85.00,3,2,'2021-08-22 20:45:27','2021-08-22 20:45:27'),(23,1,0,15,50.00,3,2,'2021-08-22 22:52:25','2021-08-22 22:52:25'),(24,1,0,15,33.00,3,2,'2021-08-22 22:52:31','2021-08-22 22:52:31'),(25,1,0,15,75.00,3,2,'2021-08-22 23:08:19','2021-08-22 23:08:19'),(26,1,11,0,51.00,3,2,'2021-08-24 15:25:29','2021-08-24 15:25:29');

/*Table structure for table `payment` */

DROP TABLE IF EXISTS `payment`;

CREATE TABLE `payment` (
  `id` int unsigned NOT NULL AUTO_INCREMENT COMMENT '支付表id',
  `order_id` int unsigned DEFAULT NULL COMMENT '订单id',
  `member_id` int unsigned DEFAULT NULL COMMENT '会员id',
  `money` double(8,2) unsigned DEFAULT NULL COMMENT '支付金额',
  `type` tinyint unsigned DEFAULT NULL COMMENT '付款方式：1会员付款/2收银收款',
  `bank` tinyint unsigned DEFAULT NULL COMMENT '收款银行渠道:1微信/2余额/3现金/4支付宝',
  `status` tinyint unsigned DEFAULT NULL COMMENT '支付状态:1未支付/2已支付/3已退款',
  `create_at` datetime DEFAULT NULL COMMENT '添加时间',
  `update_at` datetime DEFAULT NULL COMMENT '修改时间',
  PRIMARY KEY (`id`)
) ENGINE=InnoDB AUTO_INCREMENT=25 DEFAULT CHARSET=utf8;

/*Data for the table `payment` */

insert  into `payment`(`id`,`order_id`,`member_id`,`money`,`type`,`bank`,`status`,`create_at`,`update_at`) values (20,22,0,85.00,2,3,2,'2021-08-22 20:45:27','2021-08-22 20:45:27'),(21,23,0,50.00,2,1,2,'2021-08-22 22:52:25','2021-08-22 22:52:25'),(22,24,0,33.00,2,1,2,'2021-08-22 22:52:31','2021-08-22 22:52:31'),(23,25,0,75.00,2,1,2,'2021-08-22 23:08:19','2021-08-22 23:08:19'),(24,26,11,51.00,1,4,2,'2021-08-24 15:25:29','2021-08-24 15:25:29');

/*Table structure for table `product` */

DROP TABLE IF EXISTS `product`;

CREATE TABLE `product` (
  `id` int unsigned NOT NULL AUTO_INCREMENT COMMENT '菜品id',
  `shop_id` int DEFAULT NULL COMMENT '店铺id',
  `category_id` int DEFAULT NULL COMMENT '菜品分类id',
  `cover_pic` varchar(50) DEFAULT NULL COMMENT '菜品图片',
  `name` varchar(50) DEFAULT NULL COMMENT '菜品名称',
  `price` double(6,2) DEFAULT NULL COMMENT '单价',
  `status` tinyint DEFAULT NULL COMMENT '状态：1:正常  2:停售  9:删除',
  `create_at` datetime DEFAULT NULL COMMENT '添加时间',
  `update_at` datetime DEFAULT NULL COMMENT '修改时间',
  PRIMARY KEY (`id`)
) ENGINE=InnoDB AUTO_INCREMENT=20 DEFAULT CHARSET=utf8;

/*Data for the table `product` */

insert  into `product`(`id`,`shop_id`,`category_id`,`cover_pic`,`name`,`price`,`status`,`create_at`,`update_at`) values (1,1,1,'1536657620.5485704.jpg','红烧肉+狮子头+饮料',25.00,1,'2020-07-11 09:20:20','2020-07-25 10:20:30'),(2,1,1,'1536658352.9341557.jpg','红烧肉+番茄鸡蛋',22.00,1,'2020-07-11 09:32:32','2020-07-25 10:20:30'),(3,1,1,'1536658415.6838002.jpg','梅菜扣肉+番茄鸡蛋',22.00,1,'2020-07-11 09:33:35','2020-07-25 10:20:30'),(4,1,1,'1536658574.2847373.jpg','肥牛+番茄鸡蛋',22.00,1,'2020-07-11 09:36:14','2020-07-25 10:20:30'),(5,1,2,'1536658659.0446993.jpg','梅菜扣肉饭',19.00,1,'2020-07-11 09:37:39','2020-07-25 10:20:30'),(6,1,2,'1536658824.3976505.jpg','木须肉饭',16.00,1,'2020-07-11 09:40:24','2020-07-25 10:20:30'),(7,1,2,'1536658863.6732855.jpg','肥牛饭',19.00,1,'2020-07-11 09:41:03','2020-07-25 10:20:30'),(8,1,2,'1536658960.3954134.jpg','无骨咖喱鸡饭',18.00,1,'2020-07-11 09:42:40','2020-07-25 10:20:30'),(9,1,3,'1536659114.0440235.jpg','木须肉',12.00,1,'2020-07-11 09:44:25','2020-07-25 10:20:30'),(10,1,3,'1536659065.7972637.jpg','番茄鸡蛋',4.00,1,'2020-07-11 09:45:14','2020-07-25 10:20:30'),(11,1,3,'1536659197.7231221.jpg','青菜',4.00,1,'2020-07-11 09:46:37','2020-07-25 10:20:30'),(12,1,3,'1536659253.8842716.jpg','单份香辣笋干烧肉',15.00,1,'2020-07-11 09:47:33','2020-07-25 10:20:30'),(13,1,4,'1536659311.8699493.jpg','番茄蛋花汤',4.00,1,'2020-07-11 09:48:31','2020-07-25 10:20:30'),(14,1,4,'1536659364.7892513.jpg','王老吉',6.00,1,'2020-07-11 09:49:24','2020-07-25 10:20:30'),(15,1,4,'1536659563.3897648.jpg','果粒橙',5.00,1,'2020-07-11 09:52:43','2020-07-25 10:20:30'),(16,1,4,'1536659605.5561771.jpg','矿泉水',3.00,1,'2020-07-11 09:53:25','2020-07-25 10:20:30'),(17,1,4,'1536659688.4856157.jpg','乌梅汁',4.00,1,'2020-07-11 09:54:48','2020-07-25 10:20:30'),(18,2,7,'1536659065.7972636.jpg','番茄鸡蛋',4.00,1,'2020-07-04 06:17:18','2020-07-25 10:20:30'),(19,3,10,'1536658666.8341557.jpg','红烧肉+西红柿鸡蛋',24.00,1,'2020-07-06 08:46:28','2020-07-25 07:34:07');

/*Table structure for table `shop` */

DROP TABLE IF EXISTS `shop`;

CREATE TABLE `shop` (
  `id` int unsigned NOT NULL AUTO_INCREMENT COMMENT '店铺id',
  `name` varchar(255) NOT NULL COMMENT '店铺名称',
  `cover_pic` varchar(255) DEFAULT NULL COMMENT '封面图片',
  `banner_pic` varchar(255) DEFAULT NULL COMMENT '图标Logo',
  `address` varchar(255) DEFAULT NULL COMMENT '店铺地址',
  `phone` varchar(255) DEFAULT NULL COMMENT '联系电话',
  `status` tinyint NOT NULL DEFAULT '1' COMMENT '状态：1:正常 2:暂停 9:删除',
  `create_at` datetime DEFAULT NULL COMMENT '添加时间',
  `update_at` datetime DEFAULT NULL COMMENT '修改时间',
  PRIMARY KEY (`id`)
) ENGINE=InnoDB AUTO_INCREMENT=6 DEFAULT CHARSET=utf8;

/*Data for the table `shop` */

insert  into `shop`(`id`,`name`,`cover_pic`,`banner_pic`,`address`,`phone`,`status`,`create_at`,`update_at`) values (1,'田老师红烧肉-朝阳将台路店','12341234.jpg','lg.jpg','北京市朝阳区将台乡东八间房村西临8号','12345678905',1,'2020-07-20 10:12:34','2020-07-24 12:34:56'),(2,'田老师红烧肉-海淀区上地店','57892456.jpg','lg.jpg','北京市海定区上地三街嘉华大厦A座10号','13456789209',1,'2020-07-21 12:23:45','2020-07-22 20:42:16'),(3,'田老师红烧肉-西城玉渊潭店','23454567.jpg','lg.jpg','北京市宣武区玉渊潭南路东123号','12345677654',2,'2020-07-24 08:20:32','2020-07-25 06:06:07');

/*Table structure for table `user` */

DROP TABLE IF EXISTS `user`;

CREATE TABLE `user` (
  `id` int unsigned NOT NULL AUTO_INCREMENT COMMENT '员工账号id',
  `username` varchar(50) DEFAULT NULL COMMENT '员工账号',
  `nickname` varchar(50) DEFAULT NULL COMMENT '昵称',
  `password_hash` varchar(100) DEFAULT NULL COMMENT '密码',
  `password_salt` varchar(50) DEFAULT NULL COMMENT '密码干扰值',
  `status` tinyint unsigned NOT NULL DEFAULT '1' COMMENT '状态:1正常/2禁用/9删除',
  `create_at` datetime DEFAULT NULL COMMENT '创建时间',
  `update_at` datetime DEFAULT NULL COMMENT '修改时间',
  PRIMARY KEY (`id`)
) ENGINE=InnoDB AUTO_INCREMENT=16 DEFAULT CHARSET=utf8;

/*Data for the table `user` */

insert  into `user`(`id`,`username`,`nickname`,`password_hash`,`password_salt`,`status`,`create_at`,`update_at`) values (1,'zhangsan','张三','1e191d851b3b49a248f4ea62f6b06410','123456',6,'2020-07-08 18:18:18','2020-07-22 08:06:55'),(2,'lisi','李四','1e191d851b3b49a248f4ea62f6b06410','123456',1,'2020-07-18 08:08:18','2020-07-22 16:21:18'),(3,'xiaoli','小李子','c8a7ca8b274f29cf2c1147a8e0f685a4','639776',6,'2020-07-07 07:53:57','2020-07-08 20:18:18'),(4,'zhangwuji','张无忌','cbb748964d243e38f032b78886db824c','437809',9,'2020-02-18 09:06:54','2020-01-14 03:36:25'),(5,'zhaomin','赵敏','27c744b428b997675c4383e7eae974c3','486570',2,'2020-02-18 09:07:40','2020-02-18 09:07:40'),(6,'cuihua','翠花','b5a7379148116549de083f5076233bef','810418',2,'2020-02-18 09:08:35','2020-03-08 20:18:09'),(7,'zhangle','张乐','7177bd35ad232f0830fe5c10dcc24b1c','350013',2,'2020-02-19 06:11:16','2020-02-19 12:33:19'),(8,'uu01','小优','a0811c52452216c63e52da04337e9216','268818',1,'2020-01-03 10:27:04','2020-01-03 10:27:04'),(9,'uu02','小优2','56322ead3e2371636ac2395c8399297f','112245',1,'2020-01-03 10:37:37','2020-01-03 10:37:37'),(10,'uu03','小优3','8e7d0c4077c73ad60c23367625d4346f','238764',1,'2020-01-03 11:24:48','2020-01-03 11:24:48'),(11,'uu04','小优4','5eec167b09ea13497843274969460d67','642960',1,'2020-01-03 11:27:00','2020-01-03 11:27:00'),(12,'uu123','小优','5c2e9f69b05413b806dc6951b0f86e51','102905',1,'2020-01-13 23:51:01','2020-01-13 23:51:01'),(13,'uu666','小优3','99e89e8245d9f6f0628b5a59299bd9f7','673778',1,'2020-01-13 23:52:13','2020-01-13 23:52:13'),(14,'0111','0111','05775bb481d11f0648b158cd40a7929c','627985',9,'2020-01-14 01:25:57','2021-08-21 10:50:27'),(15,'Jim012','JJJ','3d8a1fcdcbbe1ce159c590cd7179d13a','553414',6,'2021-08-21 10:48:45','2021-08-21 10:50:34');

/*!40101 SET SQL_MODE=@OLD_SQL_MODE */;
/*!40014 SET FOREIGN_KEY_CHECKS=@OLD_FOREIGN_KEY_CHECKS */;
/*!40014 SET UNIQUE_CHECKS=@OLD_UNIQUE_CHECKS */;
/*!40111 SET SQL_NOTES=@OLD_SQL_NOTES */;
